# {"t_start": 1603830452.139199, "env_id": "minigolf-v0"} 
r,l,t
-20.0,20,0.049859
-20.0,20,0.089922
-10.0,11,0.111864
