# {"t_start": 1603830452.141202, "env_id": "minigolf-v0"} 
r,l,t
-20.0,20,0.047856
-20.0,20,0.087919
