# {"t_start": 1600635080.9147897, "env_id": "navigation-v0"} 
r,l,t
-20,20,0.95893
-20,20,1.376133
-20,20,1.51059
-20,20,1.648257
-20,20,1.769023
-20,20,1.904886
-20,20,2.0468
-16,17,2.149185
-20,20,2.295333
