# {"t_start": 1600635080.9180446, "env_id": "navigation-v0"} 
r,l,t
-20,20,0.955676
-11,12,1.288105
-14,15,1.476331
-20,20,1.645002
-20,20,1.765769
-20,20,1.901631
-20,20,2.044471
-8,9,2.102355
-20,20,2.292078
