# {"t_start": 1600635080.9207737, "env_id": "navigation-v0"} 
r,l,t
-20,20,0.952946
-20,20,1.371147
-7,8,1.431461
-20,20,1.642273
-13,14,1.729428
-20,20,1.899612
-20,20,2.042248
-20,20,2.165169
-20,20,2.289349
