# {"t_start": 1600635080.9227948, "env_id": "navigation-v0"} 
r,l,t
-20,20,0.952007
-20,20,1.369126
-20,20,1.503497
-20,20,1.641187
-9,10,1.703178
-20,20,1.897591
-20,20,2.040226
-20,20,2.164162
-20,20,2.287328
