# {"t_start": 1600635080.9247918, "env_id": "navigation-v0"} 
r,l,t
-20,20,0.95001
-20,20,1.367129
-20,20,1.5015
-20,20,1.63919
-20,20,1.759985
-20,20,1.896685
-20,20,2.039232
-20,20,2.162165
-20,20,2.28633
