# {"t_start": 1600635080.9267852, "env_id": "navigation-v0"} 
r,l,t
-20,20,0.948016
-20,20,1.366569
-6,7,1.417438
-20,20,1.638187
-20,20,1.757992
-20,20,1.894692
-7,8,1.967015
-20,20,2.160172
-20,20,2.284337
