# {"t_start": 1603830452.143193, "env_id": "minigolf-v0"} 
r,l,t
-20.0,20,0.045865
-20.0,20,0.085928
