# {"t_start": 1600635080.8938727, "env_id": "navigation-v0"} 
r,l,t
-20,20,0.976857
-13,14,1.329236
-20,20,1.529427
-20,20,1.666061
-20,20,1.787924
-20,20,1.922524
-20,20,2.065915
-20,20,2.189084
-20,20,2.313259
