# {"t_start": 1600635080.896836, "env_id": "navigation-v0"} 
r,l,t
-20,20,0.97489
-20,20,1.390657
-20,20,1.526464
-20,20,1.663097
-20,20,1.785171
-20,20,1.920015
-4,5,1.974033
-20,20,2.18612
-20,20,2.311293
