# {"t_start": 1600635080.8998277, "env_id": "navigation-v0"} 
r,l,t
-20,20,0.971898
-20,20,1.388105
-20,20,1.523472
-20,20,1.661105
-16,17,1.765005
-20,20,1.917023
-20,20,2.060764
-20,20,2.184121
-20,20,2.308301
