# {"t_start": 1600635080.90282, "env_id": "navigation-v0"} 
r,l,t
-20,20,0.968906
-11,12,1.302333
-20,20,1.521476
-20,20,1.658113
-20,20,1.779187
-20,20,1.914574
-20,20,2.057771
-20,20,2.181129
-20,20,2.305309
