# {"t_start": 1600635080.9049575, "env_id": "navigation-v0"} 
r,l,t
-20,20,0.967766
-20,20,1.383971
-20,20,1.519338
-20,20,1.655975
-20,20,1.777827
-20,20,1.912436
-20,20,2.055634
-20,20,2.179992
-20,20,2.304168
