# {"t_start": 1600635080.9068084, "env_id": "navigation-v0"} 
r,l,t
-20,20,0.965939
-20,20,1.382121
-20,20,1.517487
-20,20,1.654124
-20,20,1.775976
-20,20,1.911789
-13,14,2.019876
-20,20,2.1786
-20,20,2.302318
