# {"t_start": 1600635080.9088032, "env_id": "navigation-v0"} 
r,l,t
-20,20,0.963944
-20,20,1.381124
-4,5,1.423583
-20,20,1.653171
-20,20,1.773981
-20,20,1.909794
-14,15,2.024862
-20,20,2.176605
-20,20,2.300323
