# {"t_start": 1600635080.9117947, "env_id": "navigation-v0"} 
r,l,t
-20,20,0.961926
-20,20,1.378132
-20,20,1.513585
-20,20,1.65018
-20,20,1.772018
-20,20,1.907595
-20,20,2.049795
-20,20,2.174149
-20,20,2.297331
