# {"t_start": 1601741001.5731926, "env_id": "scalegauss-v0"} 
r,l,t
15.091522,15,0.037896
