# {"t_start": 1600965809.9248185, "env_id": "scalegauss-v0"} 
r,l,t
0.287818,50,31.471549
-0.160882,50,31.479522
0.217837,50,31.485478
0.024264,50,36.070225
0.522745,50,36.096147
-0.605728,50,36.123093
