# {"t_start": 1601741001.5751927, "env_id": "scalegauss-v0"} 
r,l,t
14.54781,15,0.035896
