# {"t_start": 1601741001.577181, "env_id": "scalegauss-v0"} 
r,l,t
15.051257,15,0.033908
