# {"t_start": 1598035485.24937, "env_id": "gauss-v0"} 
r,l,t
24.975281,150,0.433839
