# {"t_start": 1598035485.25336, "env_id": "gauss-v0"} 
r,l,t
82.768154,150,0.430847
