# {"t_start": 1601741001.5792065, "env_id": "scalegauss-v0"} 
r,l,t
14.97797,15,0.031883
